Year,Month,Day,Time,End Year,End Month,End Day,End Time,Display Date,Headline,Text,Media,Media Credit,Media Caption,Media Thumbnail,Type,Group,Background
1957,,,,1957,,,,1st prize,1957 Photo Contest,"Dorothy Counts, the first and at the time only black student to enroll in the newly desegregated Harry Harding High School in Charlotte, was mocked by protestors on her first day of school. Bystanders threw rocks and screamed at Dorothy to go back to where she came from.",https://www.worldpressphoto.org/getmedia/cc3def38-81ad-46bb-8308-53fcd7115ac8/1957-Douglas-Martin-SN1-(1)?maxsidesize=1920&resizemode=force,Douglas Martin,,1st prize,,,
1963,,,,1963,,,,1st prize,1963 Photo Contest,"The self-immolation of Buddhist monk Thich Quang Duc occurred during the Buddhist crisis in Vietnam, the civilian upheaval against the predominantly Catholic government of President Ngo Dinh Diem.",https://www.worldpressphoto.org/getmedia/bbe48824-197f-4832-8815-b8a833be0812/1963-Malcolm-W-Browne-SN1?maxsidesize=1920&resizemode=force,Malcolm W. Browne,,,,,
1965,,,,1965,,,,2nd prize,1965 Photo Contest,"A student is killed by a Dominican Army guard during a demonstration outside the National Palace, to protest the presence of U.S. troops in Santo Domingo.",https://www.worldpressphoto.org/getmedia/7ee84230-006e-45a0-bf23-bf970a43b65a/1965-James-Bourdier-GNS-HM-CF?maxsidesize=1920&resizemode=force,James Bourdier,,,,,
1966,,,,1966,,,,Honorable mention,1966 Photo Contest,Construction workers attacked a building on the Nieuwezijds Voorburgwal during the Holland Festival.,https://www.worldpressphoto.org/getmedia/96bebb29-44c1-41ea-91ea-2eb8be202a77/1966-Arthur-Bastiaanse-SN-(1)?maxsidesize=1920&resizemode=force,Arthur Bastiaanse,,,,,
1968,,,,1968,,,,1st prize£¬1968 Photo Contest,Flames of Protest ,"Washington D.C. is on fire, after riots broke out on 4 April 1968, following the assassination of Martin Luther King Jr., one day earlier in Memphis, Tennessee.",https://www.worldpressphoto.org/getmedia/5c60551a-16a6-465d-8666-d1959e33b081/1968-Frank-Hoy-GN1-(1)?maxsidesize=1920&resizemode=force,Frank Hoy,,,,,
1969,,,,1969,,,,1st prize,1969 Photo Contest,Two students are burnt by a petrol bomb during fights with the riot police on the campus of Kyoto University. They caught fire when the police tried to burn down a barricade.,https://www.worldpressphoto.org/getmedia/9b79c735-10a3-43e0-bbff-40b8e7f01cd4/1969-Toshio-Aoi-SN1-(1)?maxsidesize=1920&resizemode=force,Toshio Aoi,,,,,
1969,,,,1969,,,,2nd prize,1969 Photo Contest,"During the beginning of ¡®The Troubles¡¯, the violent conflict between unionists and loyalists over the constitutional status of Northern Ireland.",https://www.worldpressphoto.org/getmedia/7d56af24-76ab-4a9e-ab49-1195c04ca98b/1969-Henning-Christoph-GNS2-GL-(1)?maxsidesize=1920&resizemode=force,Henning Christoph,,,,,
1976,,,,1976,,,,3rd prize,1976 Photo Contest,Girls during a Popular Movement for the Liberation of Angola (MPLA) demonstration.,https://www.worldpressphoto.org/getmedia/ccb5924f-77ee-43ee-ae41-646ce6c16c09/1976-Axel-O-Carp-HM2?maxsidesize=1920&resizemode=force,Axel O. Carp,,,,,
1977,,,,1977,,,,1st prize,1977 Photo Contest,A young neo-nazi at a demonstration in Washington D.C.,https://www.worldpressphoto.org/getmedia/6178406f-98ae-4a24-b658-b97b61ee0859/1977-Peter-Martens-GN1?maxsidesize=1920&resizemode=force,Peter Martens,,,,,
1977,,,,1977,,,,1st prize,1977 Photo Contest,A confrontation between the police and students at the Thammasat University.,https://www.worldpressphoto.org/getmedia/10f77528-0cd3-473a-b243-24412837cad3/1977-Kraipit-Phanvut-SNS3-CE-(1)?maxsidesize=1920&resizemode=force,Kraipit Phanvut,,,,,
1978,,,,1978,,,,2nd prize,1978 Photo Contest,Panaminian refugee Leopoldo Aragon (50) sets himself on fire in front of the US Embassy to protest US control of the Panama Canal and the signing of the new Panama agreement. He died in hospital a few hours later.,https://www.worldpressphoto.org/getmedia/736f2811-6085-4f15-a9bf-16cdd5c53013/1978-Arne-Jonsson-SNS2-BD-(1)?maxsidesize=1920&resizemode=force,Arne J?nsson,,,,,
1978,,,,1978,,,,3rd prize,1978 Photo Contest,"South Africa.

Police throw tear gas at a group of chanting Modderdam squatter camp residents protesting against the demolition of their homes outside Cape Town.",https://www.worldpressphoto.org/getmedia/d248e8e6-3801-4b36-b3f9-4a9f6c03f3f8/1978-Leslie-Hammond-SN1?maxsidesize=1920&resizemode=force,Leslie Hammond,,,,,
1978,,,,1978,,,,1st prize,1978 Photo Contest,Riots.,https://www.worldpressphoto.org/getmedia/b5f36961-5076-4acb-b08e-4c3f4e085a27/1978-Hugh-Brendan-McCann-SN2?maxsidesize=1920&resizemode=force,Hugh Brendan McCann,,,,,
1979,,,,1979,,,,1st prize,1979 Photo Contest,"Narita, Japan.

A demonstrator is engulfed in flames of the Molotov cocktail he was about to throw at police during protests against the construction of a new international airport in Narita near Tokyo.",https://www.worldpressphoto.org/getmedia/63a4dd65-d162-4e6d-ab5c-0772b47f96f1/1979-Sadayuki-Mikami-SN1?maxsidesize=1920&resizemode=force,Sadayuki Mikami,,,,,
1979,,,,1979,,,,1st prize,1979 Photo Contest,"A policeman places his boot on the head of a member of the MOVE organization during a standoff at the MAVE commune. The radical MOVE group preach revolution, advocating a return to nature and a society without government, police or technology.",https://www.worldpressphoto.org/getmedia/d1f1636a-170d-4d11-92c9-29e507d53994/1979-Norman-Y-Lono-SN2?maxsidesize=1920&resizemode=force,Norman Y. Lono,,,,,
1981,,,,1981,,,,2nd prize,1981 Photo Contest,More than 150 people were killed during demonstrations and rallies by students demanding democracy and free elections.,https://www.worldpressphoto.org/getmedia/891276c5-10d7-49d5-8224-504546a5aa0e/1981-Francois-Lochon-SNS2-DG?maxsidesize=1920&resizemode=force,Fran?ois Lochon,,,,,
1981,,,,1981,,,,1st prize,1981 Photo Contest,More than 150 people were killed during demonstrations and rallies by students demanding democracy and free elections.,https://www.worldpressphoto.org/getmedia/5099034a-7138-4f9a-ba7f-44257fe6b947/1981-Francois-Lochon-SNS2-CG-(1)?maxsidesize=1920&resizemode=force,Fran?ois Lochon,,,,,
1982,,,,1982,,,,2nd prize,1982 Photo Contest,A young girl faces militia during a workers' protest.,https://www.worldpressphoto.org/getmedia/f0e76d30-5c1c-4c8b-bed8-b26c494efa05/1982-Joseph-Czarnesczky-GN2?maxsidesize=1920&resizemode=force,Joseph Czarnesczky,,,,,
1984,,,,1984,,,,2nd prize,1984 Photo Contest,Police clash with demonstrators during a parliamentary debate on nuclear arms.,https://www.worldpressphoto.org/getmedia/0d715fda-c811-4365-bc89-91e7c888dcff/1984-Thomas-Pflaum-GNS-HM-DF?maxsidesize=1920&resizemode=force,Thomas Pflaum,,,,,
1986,,,,1986,,,,Individual awards,1986 Photo Contest,"Police use horsewhips to disperse protesters marching on Pollsmoor Prison, Capte Town, where Nelson Mandela was imprisoned. This was one of the events that precipitated the 1985 State of Emergency.

",https://www.worldpressphoto.org/getmedia/91c33722-49e8-4f96-8e39-6daef30b9ff7/1986-David-Turnley-OTS-HM-IN-(1)?maxsidesize=1920&resizemode=force,David Turnley,,,,,
1987,,,,1987,,,,Honorable mention,1987 Photo Contest,"Tamil guerrillas wear masks to prevent identification at a public protest meeting. In May 1986, the civil war in Sri Lanka escalated with several bomb attacks on civilian targets. These attacks were blamed on the Tamil Tigers, guerrillas of the Liberation Tigers of Tamil Eelam.",https://www.worldpressphoto.org/getmedia/83333fdd-64fc-4c30-904e-6556795b607f/1987-James-Nachtwey-GNS3-DH?maxsidesize=1920&resizemode=force,James Nachtwey,,,,,
1987,,,,1987,,,,Individual awards,1987 Photo Contest,"Marchers take time out from the Great Peace March for Global Nuclear Disarmament to demonstrate at the Army War College, located less than a mile from their camp.",https://www.worldpressphoto.org/getmedia/7fd6b192-dc2a-4505-b89d-d04b0d413177/1987-Jeff-Share-OTS-HM-CJ?maxsidesize=1920&resizemode=force,Jeff Share,,,,,
1987,,,,1987,,,,2nd prize,1987 Photo Contest,"John and Glena Records of La Grande, Oregon, carry their exhausted children Semmy (5) and Rosemary (2) in sweltering heat along Powerline Road during the Great Peace March for Global Nuclear Disarmament.",https://www.worldpressphoto.org/getmedia/40433858-202c-48b3-a8f2-8eab6d3a8647/1987-Jeff-Share-GNS1-BJ-(1)?maxsidesize=1920&resizemode=force,Jeff Share,,,,,
1987,,,,1987,,,,3rd prize,1987 Photo Contest,Militant students and heavily armed police clash violently in South Korea. The opposition under Kim Dae-young joined forces with the students in their appeal for democratic reform by organizing demonstrations against the government of President Chun Doo-hwan.,https://www.worldpressphoto.org/getmedia/6f27ac87-31b2-4e66-a47e-a45ba83966db/1987-Anthony-Suau-SNS2-DH?maxsidesize=1920&resizemode=force,Anthony Suau,,,,,
1987,,,,1987,,,,Individual awards,1987 Photo Contest,"Following demonstrations, a man is stoned by the crowd after being identified as a plain-clothes policeman. The funerals of the victims of political violence are sometimes the scene of more trouble.",https://www.worldpressphoto.org/getmedia/2c94310f-77c4-4cab-a668-ca9e4fb8127a/1987-Alain-Nogues-SN3?maxsidesize=1920&resizemode=force,Alain Nogu¨¨s,,,,,
1987,,,,1987,,,,Individual awards,1987 Photo Contest,A photographer shows how he feels about East German police during demonstrations at Checkpoint Charlie - a key crossing point between East and West - commemorating the 25th anniversary of the construction of the Berlin Wall.,https://www.worldpressphoto.org/getmedia/af84dcc6-4b4b-432d-a48d-1b3f6ba9b736/1987-Roland-Holschneider-OT?maxsidesize=1920&resizemode=force,Roland Holschneider,,,,,
1987,,,,1987,,,,2nd prize,1987 Photo Contest,"English bobbies form a human barrier during demonstrations.
When press magnate Rupert Murdoch moved some of his newspapers to a new printing plant in the East End of London, the unions refused to accept the new location, which led to the dismissal of 5,000 workers.",https://www.worldpressphoto.org/getmedia/3b2cf1eb-df66-4d60-a32f-4e5d16c8817d/1987-Katalin-Arkell-HM2?maxsidesize=1920&resizemode=force,Katalin Arkell,,,,,
1988,,,,1987,,,,3rd prize,1987 Photo Contest,"South Korean policemen take a rest while they can. Later that day, they came to blows with demonstrators for the opposition party, the New Korea Democratic Party.",https://www.worldpressphoto.org/getmedia/d194f5f2-791b-4e12-9074-e717772bd55e/1987-Anthony-Suau-DL3?maxsidesize=1920&resizemode=force,Anthony Suau,,,,,
1988,,,,1988,,,,1st prize,1988 Photo Contest,"During weeks of violent anti-government protests, police and students confronted each other all over Seoul, but other citizens too frequently found themselves trapped by the violence as tear gas filled the streets.",https://www.worldpressphoto.org/getmedia/40a60d2a-a8ce-4ee2-8123-db93928dbb78/1988-Anthony-Suau-SNS1-CJ?maxsidesize=1920&resizemode=force,Anthony Suau,,,,,
1988,,,,1988,,,,3rd prize,1988 Photo Contest,A protest at a school campus in South Korea has erupted after a student was killed by 'fragments of a tear gas bomb'.,https://www.worldpressphoto.org/getmedia/2e827dad-a1ff-4130-87a5-02124f086ee3/1988-Myoung-Jin-Go-SN3?maxsidesize=1920&resizemode=force,Myoung Jin Go,,,,,
1988,,,,1988,,,,2nd prize,1988 Photo Contest,"A mother clings to a riot policeman's shield at a polling station. Her son was one of thousands of demonstrators who were arrested because they tried to prove that the presidential election on December 15, won by the government candidate, had been rigged.",https://www.worldpressphoto.org/getmedia/bf97f725-85ae-4cf2-bb37-83d152841b72/1988-Anthony-Suau-SN2?maxsidesize=1920&resizemode=force,Anthony Suau,,,,,
1988,,,,1988,,,,2nd prize,1988 Photo Contest,"Days before the scheduled election, a group of vigilantes capture and execute a member of the Tonton Macoute secret police. As passers-by looked on, they killed him with knives and machetes and then covered the body with the wood and tires that were to be his funeral pyre.",https://www.worldpressphoto.org/getmedia/208431a1-9e86-499e-8830-69974751dea2/1988-Carol-Halebian-SNS2-AF?maxsidesize=1920&resizemode=force,Carol Halebian,,,,,
1989,,,,1989,,,,2nd prize,1989 Photo Contest,"Clouds of tear-gas dampen the enthusiasm of demonstrators waving the Chilean flag after the majority of the population had voted to end General Augusto Pinochet's fifteen-year rule. In 1989, he lost the first presidential election in 19 years. ",https://www.worldpressphoto.org/getmedia/a443fbda-e1d9-4073-98c6-b9d2f97294b3/1989-Anthony-Suau-SN2?maxsidesize=1920&resizemode=force,Anthony Suau,,,,,
1990,,,,1990,,,,3rd prize,1990 Photo Contest,"Chaos reigns the streets at the funeral procession for the Ayatollah Khomeini, who died at the age of 89. Among the millions of mourners giving free reign to their grief, several people were crushed to death; many more fainted and suffered injuries.",https://www.worldpressphoto.org/getmedia/6357b91c-b6e4-4608-be3f-1dddb817b91d/1990-Eric-Bouvet-GNS3-DJ-(1)?maxsidesize=1920&resizemode=force,Eric Bouvet,,,,,
1991,,,,1991,,,,3rd prize,1991 Photo Contest,Azerbaijani communists gathered in Baku to mourn the death of 49 people who were killed during a state of emergency.,https://www.worldpressphoto.org/getmedia/9eb71669-8ed1-413b-80f8-378b16d2818a/1991-Blanche-SNS3-FJ?maxsidesize=1920&resizemode=force,Blanche,,,,,
1991,,,,1991,,,,2nd prize,1991 Photo Contest,"A rally against the Poll Tax, introduced by Margaret Thatcher's Conservative government, developed into what were arguably the worst riots in the centre of London for a century. ",https://www.worldpressphoto.org/getmedia/5082fd6d-ec5a-4a9c-ad63-6c00efd24e8a/1991-Christopher-Morris-SNS2-EJ?maxsidesize=1920&resizemode=force,Christopher Morris,,,,,
1992,,,,1992,,,,3rd prize,1992 Photo Contest,"A suspected Tonton Macoute is burnt to death on a funeral pyre of wood and rubber tires. The violence that had characterized Haiti reached a new peak in January 1991. A leader of former dictator Duvalier's secret police - the sinister Tonton Macoutes - tried to seize power, but this time the army sided with the democratic forces. A bloody backlash followed.",https://www.worldpressphoto.org/getmedia/92df41a0-ac4e-4901-b565-0ebb4c0cda5d/1992-Leslie-Stone-SNS3-EF?maxsidesize=1920&resizemode=force,Leslie Stone,,,,,
1993,,,,1993,,,,2nd prize,1993 Photo Contest,"Steven Digwamaje (13), is hit in the back by a blast of bird shot. The accident happened when police intervened in a protest by Soweto's Dobsonville residents against people living in local hostels. An officer of South Africa's Internal Stability Unit stands guard until the ambulance arrives. The boy lost the use of one arm. ",https://www.worldpressphoto.org/getmedia/091b51ad-bc23-42af-b364-81bb0339aa5d/1993-James-Nachtwey-GN2?maxsidesize=1920&resizemode=force,James Nachtwey,,,,,
1993,,,,1993,,,,3rd prize,1993 Photo Contest,"A group of civilians scramble for cover at a peace demonstration, as a Bosnian special forces soldier takes aim to return the fire of Serbian snipers who have taken up positions on the roof of a hotel. Several people were killed and dozens injured.",https://www.worldpressphoto.org/getmedia/76d78d4c-9a1b-4508-9013-4386523c5167/1993-Michael-Persson-SN3?maxsidesize=1920&resizemode=force,Michael Persson,,,,,
1993,,,,1993,,,,3rd prize,1993 Photo Contest,"Pro-democracy demonstrations were crushed by Thailand's Prime minister General Suchinda Kraprayoon, who blamed communist elements in a desperate attempt to hold on to power.",https://www.worldpressphoto.org/getmedia/678d656f-5a10-4dc8-976b-90039ed094bf/1993-Philip-Blenkinsop-GNS3-HL?maxsidesize=1920&resizemode=force,Philip Blenkinsop,,,,,
1993,,,,1993,,,,3rd prize,1993 Photo Contest,"A fire blazes on the first night of the riots. The acquittal of four police officers whose assault on black motorist Rodney King was watched on TV by millions, sparked off mass looting and rioting. The disturbances claimed 58 lives and many buildings were destroyed by fire.",https://www.worldpressphoto.org/getmedia/18945a22-699a-412b-bd2a-22f2c070189b/1993-Kirk-McKoy-SNS3-CL?maxsidesize=1920&resizemode=force,Kirk McKoy,,,,,
1994,,,,1994,,,,1st prize,1994 Photo Contest,"The father of Allah Abu Hindi (12) grieves at the concrete grave of his son in the Nasr Quarter of Gaza City, killed by an Israeli sniper during a stone throwing clash.
",https://www.worldpressphoto.org/getmedia/64025433-a75d-44ef-8656-2041462a6cdb/1994-Larry-Towell-GNS1-FL?maxsidesize=1920&resizemode=force,Larry Towell,,,,,
1994,,,,1994,,,,2nd prize,1994 Photo Contest,"3 - 4 October. Militants in the White House after breaking through a police cordon during an anti-Yeltsin demonstration. A number of groups with widely differing ideas and objectives sided with Aleksandr Rutskoi during the October rebellion. The dissenting People's Deputies were joined by old-style communists, ultranationalists and militant groups.",https://www.worldpressphoto.org/getmedia/b6f94254-aa15-461b-90c2-7d88f596781a/1994-Stanley-Greene-SN2?maxsidesize=1920&resizemode=force,Stanley Greene,,,,,
1995,,,,1995,,,,3rd prize,1995 Photo Contest,"Victims of a bomb attack in Algiers lie by the roadside immediately afterwards. In June 1994, some 15,000 protesters took to the streets of Algiers to demonstrate for peace and democracy and against terrorism. ",https://www.worldpressphoto.org/getmedia/0e6297be-ee94-4e7c-a1be-ed8bf64070e7/1995-Georges-Merillon-SNS3-BI?maxsidesize=1920&resizemode=force,Georges M¨¦rillon,,,,,
1995,,,,1995,,,,3rd prize,1995 Photo Contest,"A policeman riddles a right-wing extremist with machine gun fire while a colleague appeals to him to stop. Three members of the Afrikaner Resistance Movement (AWB), called in by President Mangope to stave off the imminent general election, were killed. The homeland subsequently lost its autonomy.",https://www.worldpressphoto.org/getmedia/e7dc1c04-7ce1-40f3-bcc2-13fe124b28bc/1995-Cobus-Bodenstein-SN3?maxsidesize=1920&resizemode=force,Cobus Bodenstein,,,,,
1997,,,,1997,,,,2nd prize,1997 Photo Contest,"Protesters and police confronted each other in bitter clashes near Newbury in South East England, when preparations started for the construction of a highway bypass west of the town. The projected bypass cuts through an area of historical interest and an ancient forest. The activists tried to prevent trees being cut down by climbing them and by building rope walkways and tree houses.",https://www.worldpressphoto.org/getmedia/5dc4e37a-1f67-4761-9e09-0ea2a1466b77/1997-Stephen-Dupont-GN2?maxsidesize=1920&resizemode=force,Stephen Dupont,,,,,
1998,,,,1998,,,,1st prize,1998 Photo Contest,"As he hurls a stone at Israeli soldiers, a Palestinian man is shot. Israel's decision in March to build a new Jewish quarter in East Jerusalem sparked off riots in Bethlehem and Hebron and caused a dramatic deterioration in relations between Israel and the Arab world. The Arab League called for a renewed boycott of the Jewish state.",https://www.worldpressphoto.org/getmedia/0628cda5-6d83-4ed1-9b78-94fc1f2152b5/1998-Wendy-Sue-Lamm-SN1?maxsidesize=1920&resizemode=force,Wendy Sue Lamm,,,,,
1999,,,,1999,,,,1st prize,1999 Photo Contest,"Palestinians ambush and burn an Israeli car at a traffic circle about half a mile from the Jewish settlement of Beit El, near Ramallah. The passenger, an Israeli soldier, was pulled out, kicked, stoned and beaten.",https://www.worldpressphoto.org/getmedia/7b4ec024-61c0-408f-aa8d-82dd172285f6/1999-Eyal-Warshavsky-SNS1-CG?maxsidesize=1920&resizemode=force,Eyal Warshavsky,,,,,
1999,,,,1999,,,,1st prize,1999 Photo Contest,"Riot police fall from a crane carrier during a raid on the Chogye Temple headquarters building. Internal conflicts within the sect had led to a sit-in by dissident monks. The police were repelled with stones and Molotov cocktails, and their fire-engine ladder was shaken as it reached the fifth floor. Two policemen were critically injured in the fall.",https://www.worldpressphoto.org/getmedia/b9520865-bd39-49bf-a72d-cfde9156ab1d/1999-Kim-Jae-Young-SN1?maxsidesize=1920&resizemode=force,Kim Jae Young,,,,,
1999,,,,1999,,,,3rd prize,1999 Photo Contest,Indonesian students confront military police outside the parliament building. Tens of thousands of young Indonesians of different ethnic and religious backgrounds had come together to demand an end to the rule of President Suharto. The president resigned on May 21.,https://www.worldpressphoto.org/getmedia/b27a2e56-1476-4570-8b7c-366115ba95eb/1999-Sung-Nam-Hun-GN3?maxsidesize=1920&resizemode=force,Sung Nam-Hun,,,,,
2000,,,,2000,,,,3rd prize,2000 Photo Contest,Indonesian police have killed a man wearing a badge of East Timorese leader Xanana Gusmao in East Timor.,https://www.worldpressphoto.org/getmedia/2d04d400-ac20-4bd6-827c-5f1adbae85d3/2000-John-Stanmeyer-SNS3-BH?maxsidesize=1920&resizemode=force,John Stanmeyer,,,,,
2001,,,,2001,,,,3rd prize,2001 Photo Contest,"An Israeli soldier gesticulates in argument with a Palestinian policeman during an anti-settlement protest near the Kfar Yam Jewish settlement. A settler points his gun at a second Palestinian police officer. The stand-off was triggered when around 50 settlers erected a tent on a beach near Kfar Yam. Israeli troops fired rubber-coated bullets at protestors, but no injuries were reported.",https://www.worldpressphoto.org/getmedia/41f17801-5042-41e6-8859-04481f7772a1/2001-Suhaib-Salem-SN3?maxsidesize=1920&resizemode=force,Suhaib Salem,,,,,
2002,,,,2002,,,,2nd prize,2002 Photo Contest,An Israeli border policeman argues with a Palestinian in the Old City of Jerusalem. The man had been refused entry to the al-Aqsa mosque for Friday prayers during Ramadan. Israeli security forces prevented Palestinian men under the age of 45 from attending prayers following unrest in the West Bank and Gaza Strip.,https://www.worldpressphoto.org/getmedia/1b7ad3a9-7586-4606-a2fa-a1a108edc21d/2001-Amit-Shabi-GN2?maxsidesize=1920&resizemode=force,Amit Shabi,,,,,
2002,,,,2002,,,,1st prize,2002 Photo Contest,A Plaza de Mayo mother shields her eyes from tear gas during protests. The mothers maintain a vigil in protest at their relatives' disappearance under a military regime. The square was also overrun by Argentines angered by a deepening economic crisis.,https://www.worldpressphoto.org/getmedia/012006e7-479e-4b07-8e58-e294ce2aa289/2002-Carlos-Barria-GN1?maxsidesize=1920&resizemode=force,Carlos Barria,,,,,
2002,,,,2002,,,,2nd prize,2002 Photo Contest,The body of Carlo Giuliani (23) lies in the street after clashes between police and anti-globalization protesters at the G8 summit.,https://www.worldpressphoto.org/getmedia/1e66843c-f086-4dd1-8cfb-35e2d6f2de56/2002-Antoine-Serra-SN2?maxsidesize=1920&resizemode=force,Antoine Serra,,,,,
2002,,,,2002,,,,3rd prize,2002 Photo Contest,"In February, the rebel Zapatista movement embarked on a tour of Mexican towns, to deliver their message directly to the people. A hostile relationship remained between the government and the group, which demanded the recognition of indigenous communities' rights. Lacking the resources for a media campaign, masked Zapatista delegates took their march to 36 towns, ending in Mexico City. Along the route, those sympathetic to the movement waved flags, and cheered them on at public rallies.",https://www.worldpressphoto.org/getmedia/fd3173de-dc00-4bc5-9137-5daeece77417/2002-Mat-Jacob-GNS3-GL?maxsidesize=1920&resizemode=force,Mat Jacob,,,,,
2003,,,,2003,,,,3rd prize,2003 Photo Contest,"A protestor is carried away by police. The demonstrators were calling for the impeachment of Askar Akaev, president of Kyrgyzstan. They blamed the government for taking no action against officials considered responsible for fatal shootings at an earlier demonstration. The march began at a town 20km from Bishkek, but was halted at the city limits. Police removed demonstrators to buses. They were taken to jail, and sent home a few days later.",https://www.worldpressphoto.org/getmedia/b65260c5-bc9f-4261-b4d5-f745a711999d/2003-Vladimir-Pirogov-GN2?maxsidesize=1920&resizemode=force,Vladimir Pirogov,,,,,
2003,,,,2003,,,,3rd prize,2003 Photo Contest,"In February, Ahmedabad was the scene of some of the worst communal violence in India for a decade. In retaliation for an earlier Muslim attack on a train carrying mainly Hindu pilgrims, people rampaged through city streets setting fire to Muslim homes and businesses.",https://www.worldpressphoto.org/getmedia/8eb296f6-81f2-4528-b106-3defcf35ac06/2003-Ami-Vitale-GNS3-GL?maxsidesize=1920&resizemode=force,Ami Vitale,,,,,
2006,,,,2006,,,,1st prize,2006 Photo Contest,"A soldier aims a kick to the head of a rioter suspected of looting. Faure Gnassingbe, the son of Africa's longest-reigning dictator Gnassingbe Eyadema, was elected president in April. According to the United Nations, up to 500 people were killed and 40,000 Togolese fled to neighboring countries in violence surrounding the elections.",https://www.worldpressphoto.org/getmedia/d357321b-d95d-4b46-ae4b-94f2a954fc92/2006-Benjamin-Curtis-SNS1-AK?maxsidesize=1920&resizemode=force,Benjamin Curtis,,,,,
2006,,,,2006,,,,1st prize,2006 Photo Contest,A child who died of dysentery in the Democratic Republic of Congo has been found dead in a camp for internally displaced persons in Tche.,https://www.worldpressphoto.org/getmedia/d8eeb4ee-6100-420d-b6e9-c36bd47872e8/2006-Sven-Torfinn-PN1?maxsidesize=1920&resizemode=force,Sven Torfinn,,,,,
2007,,,,2007,,,,3rd prize,2007 Photo Contest,Jewish settlers clash with Israeli police in the evacuation of an outpost of the Amona settlement. Police had been ordered to tear down nine houses built without permission.,https://www.worldpressphoto.org/getmedia/7f5ee0c8-d273-422d-8757-987896483ceb/2007-Yonathan-Weitzman-SNS3-DL?maxsidesize=1920&resizemode=force,Yonathan Weitzman,,,,,
2007,,,,2007,,,,2nd prize,2007 Photo Contest,"A general strike called by opposition parties in April 2006, followed by an intensive campaign of anti-royal demonstrations and clashes with police around the country.",https://www.worldpressphoto.org/getmedia/3ec52b06-ab61-4acc-9500-aefa13170e66/2007-Agnes-Dherbeys-SNS2-GL?maxsidesize=1920&resizemode=force,Agnes Dherbeys,,,,,
2007,,,,2007,,,,1st prize,2007 Photo Contest,A Jewish settler resists Israeli riot police enforcing a Supreme Court order to demolish nine homes in an outpost of the Amona settlement.,https://www.worldpressphoto.org/getmedia/88bbc1f8-521e-4c19-89f4-8bb4cdbfe9ce/2007-Oded-Balilty-PN1?maxsidesize=1920&resizemode=force,Oded Balilty,,,,,
2007,,,,2007,,,,3rd prize,2007 Photo Contest,"A supporter of presidential candidate Ren¨¦ Pr¨¦val, surrounded by hundreds of other supporters after a march through downtown. Haitians went to the polls in February, for the first elections since President Jean-Bertrand Aristide was ousted in 2004. ",https://www.worldpressphoto.org/getmedia/8521514f-0cc8-48f1-9701-b9bdc23aad8f/2007-Moises-Saman-GNS3-HL?maxsidesize=1920&resizemode=force,Moises Saman,,,,,
2007,,,,2007,,,,1st prize,2007 Photo Contest,An elderly woman watches demonstrators from the window of a tram. Demonstrators and police clashed in the Hungarian capital Budapest in the run-up to the 50th anniversary of the country's revolt against Soviet rule.,https://www.worldpressphoto.org/getmedia/86ab9e91-b32d-499b-a421-b00ec7e5f450/2007-Zsolt-Szigetvary-GNS1-AJ?maxsidesize=1920&resizemode=force,Zsolt Szigetv¨¢ry,,,,,
2008,,,,2008,,,,3rd prize,2008 Photo Contest,"A supporter of defeated Kenyan presidential election candidate Raila Odinga waves a stick during protests in Kibera, an opposition stronghold. Violence swept through Kenya as current leader Mwai Kibaki's narrow electoral victory was disputed. The European Union observer mission backed opposition claims that some vote figures had been inflated. There were accusations of suspicious delays in announcing results and of tampering with the electoral register.",https://www.worldpressphoto.org/getmedia/458f8527-87e0-4dc0-a16c-a73060319377/2008-Roberto-Schmidt-SNS2-DI?maxsidesize=1920&resizemode=force,Roberto Schmidt,,,,,
2008,,,,2008,,,,3rd prize,2008 Photo Contest,"Police chase protestors during unrest and looting in the opposition stronghold of Kibera, after disputed presidential elections.",https://www.worldpressphoto.org/getmedia/14e9fefc-18e7-4de7-b03d-5b7b90de93e5/2008-Stephen-Morrison-SN3?maxsidesize=1920&resizemode=force,Stephen Morrison,,,,,
2008,,,,2008,,,,2nd prize,2008 Photo Contest,"Supporters of the main opposition party, the Movement for Democratic Change (MDC), run from water-cannon blasts and tear gas after police barred them from attending a rally in the capital. Leader of the party Morgan Tsvangirai had planned to use the gathering to launch a campaign for the presidency. ",https://www.worldpressphoto.org/getmedia/68f07873-3e45-4201-b679-0c9a97a0d558/2008-Bold-Hungwe-SN2?maxsidesize=1920&resizemode=force,Bold Hungwe,,,,,
2009,,,,2009,,,,1st prize,2009 Photo Contest,"A woman tries to resist police eviction of squatters on private land near the city of Manaus. Eviction notices had been served on families living on the land some days earlier. The squatters, who were protesting against lack of housing in Manaus, were evicted after a clash that lasted two hours.",https://www.worldpressphoto.org/getmedia/498ed7f3-8911-4619-9d8e-8756389d1f2f/2009-Luiz-Vasconcelos-GN1?maxsidesize=1920&resizemode=force,Luiz Vasconcelos,,,,,
2009,,,,2009,,,,3rd prize,2009 Photo Contest,Palestinian protestors take cover behind an olive tree as they get caught in tear gas fired by Israeli troops. Residents of the village began staging weekly demonstrations in May against Israel's extension of a barrier which would cut off part of their farmland.,https://www.worldpressphoto.org/getmedia/5d3d57aa-c705-466d-b1cc-db74fa79bbb1/2009-Kevin-Frayer-GN3?maxsidesize=1920&resizemode=force,Kevin Frayer,,,,,
2009,,,,2009,,,,2nd prize,2009 Photo Contest,"A man's hand drips blood as he stands in front of riot police at a demonstration outside the Greek parliament. Protests were triggered when a boy (15) was killed by a police bullet in an incident in the city three days earlier. Demonstrations widened to include broader expressions of political grievance, in what became Greece's worst rioting in decades.",https://www.worldpressphoto.org/getmedia/06caa88f-74dd-4ca3-8606-3d0fce08c25e/2009-Yannis-Kolesidis-PN2?maxsidesize=1920&resizemode=force,Yannis Kolesidis,,,,,
2010,,,,2010,,,,1st prize,2010 Photo Contest,"A man stands on a Tehran rooftop, following Iran's disputed presidential elections. 

The result had been a victory for President Mahmoud Ahmadinejad over opposition candidate Mir Hossein Mousavi, but there were allegations of vote-rigging. In the ensuing weeks, violent demonstrations took place in the streets. At night, supporters of Mousavi climbed their rooftops, shouting expressions of their discontent. As the streets emptied and went quiet after daytime demonstrations, cries of 'Allahu akbar!' and 'Death to the dictator!' filled the night air. These protests were an echo of the ones that took place during the 1979 Islamic Revolution.",https://www.worldpressphoto.org/getmedia/07214e6d-d53e-4083-ab12-675a8fe1d977/2010-Pietro-Masturzo-PNS1-AI?maxsidesize=1920&resizemode=force,Pietro Masturzo,,,,,
2010,,,,2010,,,,1st prize,2010 Photo Contest,"A protestor aims a stone at riot police in Tehran on 13 June. Thousands of supporters of Iranian opposition leader Mir Hossein Mousavi took to the streets of Tehran in June, disputing the result of the country's presidential election. At times, rioting broke out. Government security forces cracked down hard on the demonstrators and, by 22 June, 457 people had been arrested and at least eight reported dead.",https://www.worldpressphoto.org/getmedia/edffe8ae-12db-4a7a-8cae-caa7c4a9e24d/2010-Olivier-Laban-Mattei-SNS2-IL?maxsidesize=1920&resizemode=force,Olivier Laban-Mattei,,,,,
2010,,,,2010,,,,1st prize,2010 Photo Contest,"A Rajoelina supporter is arrested on 16 February. Violence broke out in the Madagascan capital, Antananarivo in February. Supporters of opposition leader Andry Rajoelina marched on government offices in a bid to oust President Marc Ravalomanana. Security forces opened fire, killing some 28 people. In the ensuing weeks, rioting broke out. In March, Ravalomanana was deposed and Rajoelina declared president.",https://www.worldpressphoto.org/getmedia/f733094e-e16b-4ba1-b5ab-4c6ac44aa9e1/2010-Walter-Astrada-SNS1-IK?maxsidesize=1920&resizemode=force,Walter Astrada,,,,,
2011,,,,2011,,,,"2nd prize, 2011 Photo Contest",The Red Shirts¡¯ Last Stand,"Red Shirt protestors clash with Thai government forces in mid-May, in the Silom commercial district of Bangkok.",https://www.worldpressphoto.org/getmedia/e2da8292-0246-4c28-8f68-51a759c8f783/2011-Corentin-Fohlen-SNS2-IL?maxsidesize=1920&resizemode=force,Corentin Fohlen,,,,,
2012,,,,2012,,,,"1st prize, 2012 Photo Contest",Battle for Libya,"After security forces fired live rounds on demonstrators in Libya¡¯s second city of Benghazi, in mid-February, anti-government protests escalated. Over the next few months, opposition to the rule of long-time dictator Colonel Muammar Gaddafi became a full-scale national revolt.",https://www.worldpressphoto.org/getmedia/24a75564-7da9-46b4-af8e-a687b733a0f0/2012-Remi-Ochlik-GNS1-AL?maxsidesize=1920&resizemode=force,R¨¦mi Ochlik,,,,,
2012,,,,2012,,,,2nd prize,2012 Photo Contest,"A protester is arrested during demonstrations against police stop-and-frisk tactics in Harlem, New York on 21 October.",https://www.worldpressphoto.org/getmedia/f2a3ee28-4b95-4ec7-a3c4-b9312efacd2b/2012-Tomasz-Lazar-PN-2?maxsidesize=1920&resizemode=force,Tomasz Lazar,,,,,
2012,,,,2012,,,,"2nd prize, 2012 Photo Contest",The New Amazons,"Inna Shevchenko (21) is a leader of Femen, a Ukrainian protest group comprising almost exclusively young women, which organizes topless demonstrations against such issues as sex tourism, the sex industry, and internet marriage brokering.",https://www.worldpressphoto.org/getmedia/ba148b7f-e420-4ce7-b3c1-97dee68a8c0e/2012-Guillaume-Herbaut-PO-2?maxsidesize=1920&resizemode=force,Guillaume Herbaut,,,,,
2012,,,,2012,,,,1st prize,2012 Photo Contest,"Fatima al-Qaws cradles her son Zayed (18), who is suffering from the effects of tear gas after participating in a street demonstration, in Sanaa, Yemen, on 15 October.",https://www.worldpressphoto.org/getmedia/8c65ddeb-702a-439f-ad12-7a672ae06184/2012_Samuel-Aranda_POY.jpg?maxsidesize=1920&resizemode=force,Samuel Aranda,,,,,
2012,,,,2012,,,,"3rd prize, 2012 Photo Contest",Dawn of a revolution,"Demonstrators face police, at the entrance to Tahrir Square, on 28 January.",https://www.worldpressphoto.org/getmedia/1965ec14-98de-400c-bfe6-59ebf8576eb6/2012-Eduardo-Castaldo-SNS3-BL?maxsidesize=1920&resizemode=force,Eduardo Castaldo,,,,,
2013,,,,2013,,,,"3rd prize singles, 2013 Photo Contest",Barcelona Demonstrations,"Mireia Arnau (39) reacts behind the broken glass of her shop, stormed by demonstrators clashing with police in Barcelona, during a general strike on 29 March.",https://www.worldpressphoto.org/getmedia/940c8807-7ed9-4664-8d16-77b529280391/2013-Emilio-Morenatti-CI3?maxsidesize=1920&resizemode=force,Emilio Morenatti,,,,,
2014,,,,2014,,,,"2nd prize, 2014 Photo Contest",Chaos in Central African Republic,"Demonstrators gather in the capital Bangui to protest following the killing of a judge by S¨¦l¨¦ka militia. Half an hour after this photo was taken, S¨¦l¨¦ka gunmen fired into the crowd, killing two people and wounding another.
In March, an alliance of mainly Muslim rebel groups known as S¨¦l¨¦ka seized power in the Central African Republic (CAR). ",https://www.worldpressphoto.org/getmedia/90cb0c40-a6b9-4360-a0fc-0e4d52c2caea/2014-William-Daniels-GNS2-DL?maxsidesize=1920&resizemode=force,William Daniels,,,,,
2015,,,,2015,,,,"2nd prize, 2015 Photo Contest",Final Fight for Maidan,"After several months of violence, anti-government protesters remained mobilized by holding barricades in Kiev¡¯s Independence Square, known as the Maidan.",https://www.worldpressphoto.org/getmedia/84bb0bd6-05fc-4d11-a4c7-1dd746a05dce/2015-Jerome-Sessini-SNS2-BJ?maxsidesize=1920&resizemode=force,J¨¦r?me Sessini,,,,,
2015,,,,2015,,,,"1st prize, 2015 Photo Contest",Istanbul Protest,"A young girl was wounded during clashes between riot police and protestors after the funeral of Berkin Elvan, a 15-year-old boy who died from injuries suffered during anti-government protests.",https://www.worldpressphoto.org/getmedia/5414def5-6139-4c93-89ea-65b5d83ac2c0/2015-Bulent-Kilic-SN1?maxsidesize=1920&resizemode=force,Bulent Kilic,,,,,
2016,,,,2016,,,,"3rd prize, 2016 Photo Contest",March Against Police Violence,"Lamon Reccord stares down a police sergeant during a march against police racial violence.
Protests had taken place almost daily after the release of a police car dashcam video showing 17-year-old Laquan McDonald being fatally shot by a Chicago police officer. ",https://www.worldpressphoto.org/getmedia/04bf6f0b-4039-4657-b2e9-a6d5e28fac9b/2016-John-J-Kim-CI3?maxsidesize=1920&resizemode=force,John J. Kim,,,,,
2016,,,,2016,,,,"2nd prize, 2016 Photo Contest",March Against Terrorism in Paris,Thousands of people took part in a rally in Paris after the shootings of Islamist gunmen at the offices of Charlie Hebdo.,https://www.worldpressphoto.org/getmedia/adc35bbb-3dd4-45a0-bebe-0b10efbfbdb0/2016-Corentin-Fohlen-SN2?maxsidesize=1920&resizemode=force,Corentin Fohlen,,,,,
2017,,,,2017,,,,"1st prize, 2017 Photo Contest",Taking A Stand In Baton Rouge,"Ieisha Evans (27) stands her ground at a rally against police violence against black men, outside the Baton Rouge Police Department in Louisiana, USA, on 9 July. Evans had travelled to Baton Rouge to protest the death of Alton Sterling, who was shot at close range while being held to the ground by two white police officers on 5 July. The fatal shooting of Sterling came at a time of heightened tension in the US over the deaths of black men at the hands of the police.",https://www.worldpressphoto.org/getmedia/c7a845b7-74c0-466a-84a3-000e6ef0eaa5/2017-Jonathan-Bachman-CI1?maxsidesize=1920&resizemode=force,Jonathan Bachman,,,,,
2018,,,,2018,,,,"3rd prize, 2018 Photo Contest",Demonstrator Catches Fire,"V¨ªctor Salazar catches fire after a motorcycle explodes, during a street protest is Caracas, Venezuela.",https://www.worldpressphoto.org/getmedia/3f2f4e38-5d30-4113-833e-63c5fdc9f5cd/2018-Juan-Barreto-SNS-AG?maxsidesize=1920&resizemode=force,Juan Barreto,,,,,
2018,,,,2018,,,,"1st prize, 2018 Photo Contest",Venezuela Crisis,"Jos¨¦ V¨ªctor Salazar Balza (28) catches fire amid violent clashes with riot police during a protest against President Nicol¨¢s Maduro, in Caracas, Venezuela.
Salazar was set alight when the gas tank of a motorbike exploded. He survived the incident with first- and second-degree burns.",https://www.worldpressphoto.org/getmedia/e6b0a066-d87b-401b-a753-1dc6558059f5/2018-Ronaldo-Schemidt-SN?maxsidesize=1920&resizemode=force,Ronaldo Schemidt,,,,,
2018,,,,2018,,,,"2nd prize, 2018 Photo Contest",Car Attack,"People are thrown into the air as a car plows into a group of protesters demonstrating against a Unite the Right rally in Charlottesville in Virginia, USA.James Alex Fields Jr drove his car at high speed into a sedan, propelling it and a minivan into a group of anti-racist protesters, killing Heather Heyer (32) and injuring a further 19 people. Fields fled the scene in his own vehicle, but was stopped by Charlottesville police and later charged with murder.",https://www.worldpressphoto.org/getmedia/1c6b6e2f-5f90-4fbe-93d6-4656a555dd4b/2018-Ryan-Kelly-SN?maxsidesize=1920&resizemode=force,Ryan Kelly,,,,,
2019,,,,2019,,,,"1st Prize, 2019 Photo Contest",A Fight for Democracy,"A supporter of Martin Fayulu, leader of an opposition party, runs from police tear gas in Kinshasa, DRC.",https://www.worldpressphoto.org/getmedia/37f1aa5e-3c98-472e-bed6-5a901d0f37cd/WPPF-2019PhotoContest-JohnWessels-Kinshasa-BJ.jpg?maxsidesize=1920&resizemode=force,John Wessels,,,,,
2020,,,,2020,,,,"1st Prize, 2020 Photo Contest",Hong Kong Unrest,"A woman holds up an umbrella (a symbol of protest) during demonstrations in the Causeway Bay district of Hong Kong, on the day police first used live ammunition against protestors.",https://www.worldpressphoto.org/getmedia/4bd2df52-d72b-4eea-9037-65f508cb5132/WPP-2020PhotoContest-GNS-NicolasAsfouri-FJ.jpg?maxsidesize=1920&resizemode=force,Nicolas Asfouri,,,,,
2020,,,,2020,,,,"1st Prize, 2020 Photo Contest",Straight Voice,"A young man, illuminated by mobile phones, recites protest poetry while demonstrators chant slogans calling for civilian rule, during a blackout in Khartoum, Sudan.",https://www.worldpressphoto.org/getmedia/71699378-c448-4f66-a3ae-bcd658307ac5/WPP-2020PhotoContest-GN-YasuyoshiChiba.jpg?maxsidesize=1920&resizemode=force,Yasuyoshi Chiba,,,,,
2020,,,,2020,,,,"3rd Prize, 2020 Photo Contest",Unconscious Protester during the Tishreen Revolution,"A man assists a fellow protester, who became unconscious after government forces fired tear gas and smoke grenades during a protest in Baghdad, Iraq.",https://www.worldpressphoto.org/getmedia/f272cda5-f2df-4717-9898-74d2f29a8f99/WPP-2020PhotoContest-GN-RicardoGarciaVilanova.jpg?maxsidesize=1920&resizemode=force,Ricardo Garc¨ªa Vilanova,,,,,
2020,,,,2020,,,,"World Press Photo of the Year Nominee, 2020 Photo Contest",Clash with the Police During an Anti-Government Demonstration,"Students scuffle with riot police during an anti-government demonstration in Algiers, Algeria.",https://www.worldpressphoto.org/getmedia/d8235710-c405-4c65-8ef4-d9e5116b1afe/WPP-2020PhotoContest-POYNominee-FaroukBatiche.jpg?maxsidesize=1920&resizemode=force,Farouk Batiche,,,,,
2021,,,,2021,,,,"3rd Prize, 2021 Photo Contest",The Aftermath of the North East Delhi Riots,"A project depicting properties in the Shiv Vihar quarter of North East Delhi, India, on 3 March a few days after sectarian riots in the district.",https://www.worldpressphoto.org/getmedia/b8074015-948b-499e-a4a6-c7be3ce4d59f/WPP-2021PhotoContest-CIS-ZishaanALatif-BJ.jpg?maxsidesize=1920&resizemode=force,Zishaan A Latif,,,,,
2021,,,,2021,,,,"2nd Prize,2021 Photo Contest",Presidential Vacancy,"Demonstrators confront riot police who have formed a blockade to prevent them from reaching the Peruvian Congress building, in Lima, Peru.",https://www.worldpressphoto.org/getmedia/e3a0bb82-f2d9-4613-b9d8-dbd33e2ebab6/WPP-2021PhotoContest-SNS-ErnestoBenavides-AJ.jpg?maxsidesize=1920&resizemode=force,Ernesto Benavides,,,,,
2021,,,,2021,,,,"3rd Prize, 2021 Photo Contest",Minneapolis Unrest: The George Floyd Aftermath,"Police order motorists from their vehicle and to the ground, during a protest on South Washington Avenue, in Minneapolis, Minnesota, USA.Polls taken in June by four different agencies indicate that between 15 million and 26 million people across the US participated in the protests, making it the largest movement in US history. Protests in support of the Black Lives Matter (BLM) movement spread to more than 2,000 cities in some 60 countries worldwide",https://www.worldpressphoto.org/getmedia/adb59148-0cd0-4074-be45-a960421c449f/WPP-2021PhotoContest-SNS-JohnMinchillo-DJ.jpg?maxsidesize=1920&resizemode=force,John Minchillo,,,,,
2022,,,,2022,,,,"Singles Winner, 2022 Photo Contest",San Isidro Settlement Eviction,"Police agents arrest a man while his wife and family resist, during evictions ofpeople from the San lsidro settlement,inPuerto Caldas,Risaralda, Colombia",https://www.worldpressphoto.org/getmedia/4ab5428e-8062-4fb9-aba9-ced25aebc99f/WPP_2022Contest_South-America_SIN_Vladimir-Encina.jpg?maxsidesize=1920&resizemode=force,Vladimir Encina,,,,,
2022,,,,2022,,,,"Singles Winner, 2022 Photo Contest",Sudan Protests,"A protester throws back a tear-gascanister that had been fired by securityforces, during a march demanding anend to military rule, in Khartoum, Sudan.",https://www.worldpressphoto.org/getmedia/9cdad98d-d658-4316-a04e-727bea0e59b8/wpp_2022contest_africa_sin_faiz-abubakr-mohamed.jpg?maxsidesize=1920&resizemode=force,Faiz Abubakr Mohamed,,,,,
2022,,,,2022,,,,"Honorable Mention, 2022 Photo Contest",Uprising in Myanmar,"Ei Thinzar Maung, a political activist, is seen protesting along with a labor union in Yangon,Myanmar. Maung later joined the parallel Myanmar government in exile, and was mentioned in the TIME Top 100 most influential people of 2021 list.",https://www.worldpressphoto.org/getmedia/504a7f96-382a-4afc-bd2b-6ab213b2fb26/WPP_2022Contest_Southeast-Asia-and-Oceania_HON_Ta-Mwe_AJ.jpg?maxsidesize=1920&resizemode=force,Ta Mwe,,,,,
2023,,,,2023,,,,"Singles Winner, 2023 Photo Contest",Slingshots,"Protesters use slingshots and other homemade weapons in a clash with security forces in Yangon, Myanmar.",https://www.worldpressphoto.org/getmedia/18450ebe-1bab-48a7-b340-96bc6cef8b07/WPP_2022Contest_Southeast-Asia-and-Oceania_SIN_Anonymous.jpg?maxsidesize=1920&resizemode=force,Anonymous,,,,,
2023,,,,2023,,,,"Asia Singles Winner, 2023 Photo Contest",Shireen Abu Akleh¡¯s Funeral,"Israeli police beat mourners accompanying the coffin of Al Jazeerajournalist Shireen Abu Akleh to herfuneral, in East Jerusalem. Police prohibited people from carrying thecoffin on foot through the city, which iscustomary for notable deaths, asmourners chanted¡°We sacrifice our souland blood for you, Shireen¡±",https://www.worldpressphoto.org/getmedia/92efea27-edc2-4ee0-afb0-9251657dfdb0/WPP-2023Contest-Asia-SIN-Maya-Levin.jpg?maxsidesize=1920&resizemode=force,Maya Levin,,,,,
